id, value
1."most expens",14.7555178164557
1."massimo perotti",11.0666383623418
1."mr poerio",11.0666383623418
1."he sai",9.48559992442941
1."viareggio ha",7.37775890822787
1."had come",7.37775890822787
1."artist flair",7.37775890822787
1."ship industri",7.37775890822787
1."super rich",7.37775890822787
1."san lorenzo",7.37775890822787
1."expens toi",7.37775890822787
1."wealthi custom",7.37775890822787
1."san lorenzo'",7.37775890822787
1."poerio sai",7.37775890822787
1."certain level",7.37775890822787
1."you bui",7.37775890822787
1."we start",7.37775890822787
1."vincenzo poerio",7.37775890822787
1."art you",7.37775890822787
1."perini navi",7.37775890822787
2."met offic",29.5110356329115
2."climat chang",14.7555178164557
2."extens flood",11.0666383623418
2."break rainfal",11.0666383623418
2."said prof",11.0666383623418
2."record break",8.98719682066197
2."research were",7.37775890822787
2."good chanc",7.37775890822787
2."what we",7.37775890822787
2."increas risk",7.37775890822787
2."nation flood",7.37775890822787
2."new research",7.37775890822787
2."unpreced winter",7.37775890822787
2."water flood",7.37775890822787
2."caus extens",7.37775890822787
2."flood resili",7.37775890822787
2."we found",7.37775890822787
2."winter downpour",7.37775890822787
2."surfac water",7.37775890822787
2."resili review",7.37775890822787
2."januari 2014",7.37775890822787
2."observ record",7.37775890822787
3."breast milk",33.1999150870254
3."von liebig",18.4443972705697
3."justu von",18.4443972705697
3."time off",14.7555178164557
3."take time",14.7555178164557
3."50 thing",14.7555178164557
3."imag copyright",14.7555178164557
3."modern economi",14.7555178164557
3."solubl food",11.0666383623418
3."mark zuckerberg",11.0666383623418
3."bbc world",11.0666383623418
3."world servic",11.0666383623418
3."tim harford",11.0666383623418
3."breast pump",11.0666383623418
4."water safeti",14.7555178164557
4."nation curriculum",14.7555178164557
4."primari school",14.7555178164557
4."school swim",11.0666383623418
4."steve parri",8.98719682066197
4."life skill",7.37775890822787
4."mani school",7.37775890822787
4."all children",7.37775890822787
4."mr parri",7.37775890822787
4."author sai",7.37775890822787
4."swim england",7.37775890822787
4."too mani",7.37775890822787
5."tv host",11.0666383623418
5."south korean",11.0666383623418
5."k pop",11.0666383623418
5."unfavour compar",7.37775890822787
5."tan visit",7.37775890822787
5."while other",7.37775890822787
5."slant ey",7.37775890822787
5."ey gestur",7.37775890822787
5."racist countri",7.37775890822787
5."raul gil",7.37775890822787
5."portugues sai",7.37775890822787
5."pop group",7.37775890822787
5."celebr who",7.37775890822787
5."korea brazil",7.37775890822787
5."media user",7.37775890822787
5."bbc trend",7.37775890822787
5."korean tv",7.37775890822787
5."visit korea",7.37775890822787
5."south korea",7.37775890822787
5."group kard",7.37775890822787
6."ryanair said",14.7555178164557
6."largest carrier",7.37775890822787
6."veri competit",7.37775890822787
6."six month",4.60517018598809
6."been made",4.60517018598809
6."sorahan told",3.68887945411394
6."some rout",3.68887945411394
6."some lost",3.68887945411394
6."similar comment",3.68887945411394
6."share fell",3.68887945411394
6."separ ryanair",3.68887945411394
6."second free",3.68887945411394
6."said separ",3.68887945411394
6."ryanair warn",3.68887945411394
6."ryanair' share",3.68887945411394
6."ryanair sai",3.68887945411394
6."ryanair' rival",3.68887945411394
6."ryanair plane",3.68887945411394
6."ryanair execut",3.68887945411394
6."ryanair' comment",3.68887945411394
6."rose 1",3.68887945411394
6."revenu were",3.68887945411394
6."revenu ryanair",3.68887945411394
6."report period",3.68887945411394
6."repeat warn",3.68887945411394
6."remain veri",3.68887945411394
6."recoup some",3.68887945411394
6."recent week",3.68887945411394
6."quarter rose",3.68887945411394
6."process given",3.68887945411394
6."prioriti board",3.68887945411394
6."price pressur",3.68887945411394
6."price environ",3.68887945411394
6."price easyjet",3.68887945411394
6."pre tax",3.68887945411394
6."plan our",3.68887945411394
6."plane ryanair",3.68887945411394
6."peopl pai",3.68887945411394
6."peak time",3.68887945411394
6."passeng who",3.68887945411394
6."passeng number",3.68887945411394
6."passeng elig",3.68887945411394
6."our schedul",3.68887945411394
6."operator' certif",3.68887945411394
6."oper abroad",3.68887945411394
6."onli passeng",3.68887945411394
6."o'leari told",3.68887945411394
6."o'leari said",3.68887945411394
6."offic neil",3.68887945411394
6."offer had",3.68887945411394
6."number follow",3.68887945411394
6."north africa",3.68887945411394
6."non bind",3.68887945411394
6."neil sorahan",3.68887945411394
6."need clariti",3.68887945411394
6."much stronger",3.68887945411394
6."mr o'leari",3.68887945411394
6."move oper",3.68887945411394
6."michael o'leari",3.68887945411394
6."media report",3.68887945411394
6."march 2018",3.68887945411394
6."make airlin",3.68887945411394
6."major flight",3.68887945411394
6."mai cancel",3.68887945411394
6."made ryanair",3.68887945411394
6."luggag have",3.68887945411394
6."lost revenu",3.68887945411394
6."loss make",3.68887945411394
6."later deal",3.68887945411394
6."keep fly",3.68887945411394
6."june revenu",3.68887945411394
6."italy' largest",3.68887945411394
6."italian media",3.68887945411394
6."industri intensifi",3.68887945411394
6."iag fell",3.68887945411394
6."howev he",3.68887945411394
6."holidaymak fell",3.68887945411394
6."have fallen",3.68887945411394
6."had secur",3.68887945411394
6."had made",3.68887945411394
6."up 13",3.68887945411394
6."warn spark",3.68887945411394
6."week competit",3.68887945411394
6."who paid",3.68887945411394
6."wizz air",3.68887945411394
6."year insid",3.68887945411394
6."10 offer",3.68887945411394
6."1.68bn euro",3.68887945411394
6."2018 we",3.68887945411394
6."2019 chief",3.68887945411394
6."30 june",3.68887945411394
6."3.4 while",3.68887945411394
6."£356 m",3.68887945411394
6."3.5 fall",3.68887945411394
6."397m euro",3.68887945411394
6."40.3 euro",3.68887945411394
6."55 rise",3.68887945411394
6."about 10",3.68887945411394
6."about price",3.68887945411394
6."africa ryanair",3.68887945411394
6."agreement well",3.68887945411394
6."air have",3.68887945411394
6."airlin fare",3.68887945411394
6."airlin ha",3.68887945411394
6."airlin industri",3.68887945411394
6."airlin mr",3.68887945411394
6."airlin said",3.68887945411394
6."airlin switch",3.68887945411394
6."air operator'",3.68887945411394
6."airwai iag",3.68887945411394
6."also repeat",3.68887945411394
6."from ryanair'",3.68887945411394
6."from peopl",3.68887945411394
6."from europe'",3.68887945411394
6."talk fail",3.68887945411394
6."tax profit",3.68887945411394
6."told analyst",3.68887945411394
6."trade easter",3.68887945411394
6."fridai italian",3.68887945411394
6."free carri",3.68887945411394
6."follow similar",3.68887945411394
6."follow brexit",3.68887945411394
6."fly across",3.68887945411394
6."flight disrupt",3.68887945411394
6."few month",3.68887945411394
6."fell 3.4",3.68887945411394
6."fell 2.7",3.68887945411394
6."fare war",3.68887945411394
6."fare dure",3.68887945411394
6."expect fare",3.68887945411394
6."execut michael",3.68887945411394
6."execut also",3.68887945411394
6."europe' largest",3.68887945411394
6."euro although",3.68887945411394
6."euro £356",3.68887945411394
6."eu follow",3.68887945411394
6."elig howev",3.68887945411394
6."easyjet share",3.68887945411394
6."easyjet announc",3.68887945411394
6."easter trade",3.68887945411394
6."dublin base",3.68887945411394
6."disrupt between",3.68887945411394
6."decis had",3.68887945411394
6."cut fare",3.68887945411394
6."could cut",3.68887945411394
6."consid limit",3.68887945411394
6."competit ryanair'",3.68887945411394
6."competit chief",3.68887945411394
6."comment came",3.68887945411394
6."comment about",3.68887945411394
6."clariti so",3.68887945411394
6."carrier veri",3.68887945411394
6."carrier' report",3.68887945411394
6."capac from",3.68887945411394
6."can plan",3.68887945411394
6."cancel flight",3.68887945411394
6."british airwai",3.68887945411394
6."brexit talk",3.68887945411394
6."both said",3.68887945411394
6."board would",3.68887945411394
6."blip due",3.68887945411394
6."bind offer",3.68887945411394
6."bi later",3.68887945411394
6."bbc easyjet",3.68887945411394
6."base ryanair",3.68887945411394
6."although ryanair",3.68887945411394
6."announc last",3.68887945411394
6."averag fare",3.68887945411394
6."bag revenu",3.68887945411394
6."statement easyjet",3.68887945411394
6."stronger easter",3.68887945411394
6."summer 24",3.68887945411394
6."switch capac",3.68887945411394
6."take luggag",3.68887945411394
6."statement dublin",3.68887945411394
7."eat disord",40.5776739952533
7."priyesh sai",11.0666383623418
7."he sai",9.48559992442941
7."low self",7.37775890822787
7."didn't help",7.37775890822787
7."asian male",7.37775890822787
7."how sever",7.37775890822787
7."plai footbal",7.37775890822787
7."self esteem",7.37775890822787
7."priyesh vya",7.37775890822787
7."i need",7.37775890822787
7."doctor about",7.37775890822787
7."media didn't",7.37775890822787
8."women' cricket",44.2665534493672
8."world cup",23.9658581884319
8."front page",14.7555178164557
8."women' game",14.7555178164557
8."he ha",11.982929094216
8."mark robinson",11.0666383623418
8."bbc sport",7.77080149633748
8."match were",7.37775890822787
8."final victori",7.37775890822787
8."women' world",7.37775890822787
8."moment england",7.37775890822787
8."made us",7.37775890822787
8."page new",7.37775890822787
8."more awar",7.37775890822787
8."man who",7.37775890822787
8."ha made",7.37775890822787
8."rainford brent",7.37775890822787
9."michael phelp",11.0666383623418
9."jess owen",11.0666383623418
9."great white",7.37775890822787
9."ha race",7.37775890822787
9."bryan habana",7.37775890822787
9."man ha",7.37775890822787
9."soundli beaten",7.37775890822787
9."race beast",7.37775890822787
9."time man",7.37775890822787
9."denni northcutt",7.37775890822787
9."filippo magnini",7.37775890822787
10."have alreadi",8.98719682066197
10."develop have",7.37775890822787
10."we mai",7.37775890822787
10."we’ll see",7.37775890822787
10."dalla campbel",7.37775890822787
10."sky bbc",7.37775890822787
10."see more",5.18053433089165
10."bbc two",5.18053433089165
10."we have",4.15888308335967
10."car choos",3.68887945411394
10."carbon fibr",3.68887945411394
10."campbel investig",3.68887945411394
10."campbel citi",3.68887945411394
10."busi class",3.68887945411394
10."built us",3.68887945411394
10."bui extra",3.68887945411394
10."budget travel",3.68887945411394
10."budget airlin",3.68887945411394
10."british owner",3.68887945411394
10."brave new",3.68887945411394
10."blue sky",3.68887945411394
10."biofuel some",3.68887945411394
10."big question",3.68887945411394
10."biggest chang",3.68887945411394
10."biggest aircraft",3.68887945411394
10."besid we",3.68887945411394
10."been unveil",3.68887945411394
10."been major",3.68887945411394
10."been limit",3.68887945411394
10."consult john",3.68887945411394
10."couch we’ll",3.68887945411394
10."cramp seat",3.68887945411394
10."cuddl class",3.68887945411394
10."develop dalla",3.68887945411394
10."discov how",3.68887945411394
10."do busi",3.68887945411394
10."domest flight",3.68887945411394
10."dream becom",3.68887945411394
10."drone where",3.68887945411394
10."economi busi",3.68887945411394
10."economi class",3.68887945411394
10."e fan",3.68887945411394
10."electr passeng",3.68887945411394
10."electr plane",3.68887945411394
10."english channel",3.68887945411394
10."even see",3.68887945411394
10."excit both",3.68887945411394
10."exot holidai",3.68887945411394
10."experi cramp",3.68887945411394
10."extra legroom",3.68887945411394
10."fan plane",3.68887945411394
10."fantast flight",3.68887945411394
10."fi becom",3.68887945411394
10."fibr mesh",3.68887945411394
10."flight began",3.68887945411394
10."flight click",3.68887945411394
10."flight formal",3.68887945411394
10."flight ha",3.68887945411394
10."flight passeng",3.68887945411394
10."flown across",3.68887945411394
10."flown us",3.68887945411394
10."fly car",3.68887945411394
10."fly nearli",3.68887945411394
10."formerli built",3.68887945411394
10."from citi",3.68887945411394
10."fuel ensur",3.68887945411394
10."fuel improv",3.68887945411394
10."futur imag",3.68887945411394
10."futur present",3.68887945411394
10."futur watch",3.68887945411394
10."hard plastic",3.68887945411394
10."have also",3.68887945411394
10."have worn",3.68887945411394
10."holidai destin",3.68887945411394
10."how pioneer",3.68887945411394
10."how safe",3.68887945411394
10."how some",3.68887945411394
10."humanitarian flight",3.68887945411394
10."hybrid electr",3.68887945411394
10."imag courtesi",3.68887945411394
10."improv have",3.68887945411394
10."increasingli cast",3.68887945411394
10."incred develop",3.68887945411394
10."instead we’ll",3.68887945411394
10."it british",3.68887945411394
10."jet ag",3.68887945411394
10."jet pack",3.68887945411394
10."john walton",3.68887945411394
10."journalist blue",3.68887945411394
10."kastel alami",3.68887945411394
10."know them",3.68887945411394
10."leg room",3.68887945411394
10."less fuel",3.68887945411394
10."life' big",3.68887945411394
10."lighter plane",3.68887945411394
10."lightweight composit",3.68887945411394
10."long wai",3.68887945411394
10."lost sight",3.68887945411394
10."luggag becom",3.68887945411394
10."luxuri commerci",3.68887945411394
10."mai even",3.68887945411394
10."major advanc",3.68887945411394
10."make economi",3.68887945411394
10."mani innov",3.68887945411394
10."matej kastel",3.68887945411394
10."mesh surround",3.68887945411394
10."million passeng",3.68887945411394
10."more autom",3.68887945411394
10."more leg",3.68887945411394
10."more option",3.68887945411394
10."near futur",3.68887945411394
10."nearli 20",3.68887945411394
10."new develop",3.68887945411394
10."newer aircraft",3.68887945411394
10."new level",3.68887945411394
10."new possibl",3.68887945411394
10."new zealand",3.68887945411394
10."next how",3.68887945411394
10."offer glamour",3.68887945411394
10."off seat",3.68887945411394
10."off somewhat",3.68887945411394
10."our demand",3.68887945411394
10."our love",3.68887945411394
10."owner plan",3.68887945411394
10."pack choos",3.68887945411394
10."passeng drone",3.68887945411394
10."passeng experi",3.68887945411394
10."passeng flew",3.68887945411394
10."passeng flight",3.68887945411394
10."passeng notic",3.68887945411394
10."plane matej",3.68887945411394
10."plane power",3.68887945411394
10."plane requir",3.68887945411394
10."plane visit",3.68887945411394
10."plane which",3.68887945411394
10."plastic resin",3.68887945411394
10."possibl revolutionis",3.68887945411394
10."pre flight",3.68887945411394
10."price passeng",3.68887945411394
10."privat transport",3.68887945411394
10."question answer",3.68887945411394
10."realiti fly",3.68887945411394
10."reason airlin",3.68887945411394
10."recharg batteri",3.68887945411394
10."requir less",3.68887945411394
10."resin lighter",3.68887945411394
10."room you",3.68887945411394
10."safe am",3.68887945411394
10."satellit wi",3.68887945411394
10."scienc fiction",3.68887945411394
10."seat besid",3.68887945411394
10."seat can",3.68887945411394
10."seater e",3.68887945411394
10."seat which",3.68887945411394
10."seat width",3.68887945411394
10."seem our",3.68887945411394
10."see new",3.68887945411394
10."see pre",3.68887945411394
10."see shave",3.68887945411394
10."shave off",3.68887945411394
10."short term",3.68887945411394
10."similar reason",3.68887945411394
10."sky think",3.68887945411394
10."sky tomorrow'",3.68887945411394
10."small craft",3.68887945411394
10."so commonplac",3.68887945411394
10."so mani",3.68887945411394
10."some airlin",3.68887945411394
10."some have",3.68887945411394
10."spike aerospac",3.68887945411394
10."successfulli flown",3.68887945411394
10."suit small",3.68887945411394
10."technolog suit",3.68887945411394
10."term on",3.68887945411394
10."them instead",3.68887945411394
10."they’r prepar",3.68887945411394
10."think we",3.68887945411394
10."third seat",3.68887945411394
10."today' era",3.68887945411394
10."transport dream",3.68887945411394
10."transport us",3.68887945411394
10."travel fantast",3.68887945411394
10."two adult",3.68887945411394
10."two consult",3.68887945411394
10."two seater",3.68887945411394
10."up new",3.68887945411394
10."us aluminium",3.68887945411394
10."us helium",3.68887945411394
10."visit aircraft",3.68887945411394
10."wai off",3.68887945411394
10."walton aviat",3.68887945411394
10."want more",3.68887945411394
10."watch citi",3.68887945411394
10."becom us",3.68887945411394
10."becom so",3.68887945411394
10."becom commonplac",3.68887945411394
10."becom airborn",3.68887945411394
10."batteri among",3.68887945411394
10."aviat journalist",3.68887945411394
10."autom while",3.68887945411394
10."among them",3.68887945411394
10."am i",3.68887945411394
10."aluminium plane",3.68887945411394
10."altern fuel",3.68887945411394
10."also see",3.68887945411394
10."alreadi taken",3.68887945411394
10."alreadi successfulli",3.68887945411394
10."alreadi flown",3.68887945411394
10."allow two",3.68887945411394
10."alami want",3.68887945411394
10."airship clip",3.68887945411394
10."air new",3.68887945411394
10."airlin we’ll",3.68887945411394
10."airlin alreadi",3.68887945411394
10."airland 10",3.68887945411394
10."aircraft stori",3.68887945411394
10."aircraft it",3.68887945411394
10."aircraft formerli",3.68887945411394
10."airbus’ two",3.68887945411394
10."airbu new",3.68887945411394
10."airborn ha",3.68887945411394
10."ag offer",3.68887945411394
10."aerospac klm",3.68887945411394
10."7 connect",3.68887945411394
10."24 7",3.68887945411394
10."20 million",3.68887945411394
10."2016 we",3.68887945411394
10."10 which",3.68887945411394
10."zealand which",3.68887945411394
10."you'r prepar",3.68887945411394
10."year incred",3.68887945411394
10."worn off",3.68887945411394
10."world mai",3.68887945411394
10."world life'",3.68887945411394
10."world’ biggest",3.68887945411394
10."wi fi",3.68887945411394
10."width so",3.68887945411394
10."we’ll also",3.68887945411394
10."well militari",3.68887945411394
10."we’r like",3.68887945411394
10."what chang",3.68887945411394
10."when commerci",3.68887945411394
10."where next",3.68887945411394
10."which allow",3.68887945411394
10."while economi",3.68887945411394
10."while our",3.68887945411394
10."choos passeng",3.68887945411394
10."class introduc",3.68887945411394
10."class while",3.68887945411394
10."clip from",3.68887945411394
10."come flight",3.68887945411394
10."comfort they’r",3.68887945411394
10."commerci flight",3.68887945411394
10."commerci hybrid",3.68887945411394
10."commerci trip",3.68887945411394
10."choos jet",3.68887945411394
11."jane austen",33.1999150870254
11."you'll lovetoread",18.4443972705697
11."publish associ",18.4443972705697
11."garrington essex",14.7555178164557
11."sarah mear",14.7555178164557
11."cathi garrington",14.7555178164557
11."you love",14.7555178164557
11."essex librari",14.7555178164557
11."jane austen'",11.0666383623418
11."andrew green",7.37775890822787
11."like austen",7.37775890822787
11."read agenc",7.37775890822787
11."lieutenant’ woman",7.37775890822787
11."initi reject",7.37775890822787
11."mr darci",7.37775890822787
11."french lieutenant’",7.37775890822787
11."her life",7.37775890822787
11."17 juli",7.37775890822787
11."grasshopp jungl",7.37775890822787
11."young woman",7.37775890822787
11."john fowl",7.37775890822787
11."austen pym",7.37775890822787
11."we celebr",7.37775890822787
11."lack disciplin",7.37775890822787
11."well mean",7.37775890822787
11."paula byrn",7.37775890822787
12."can share",3.68887945411394
12."dai make",3.68887945411394
12."taker can",3.68887945411394
12."share trait",3.68887945411394
12."selfi taker",3.68887945411394
12."regular selfi",3.68887945411394
12."psychopath scientist",3.68887945411394
12."mani selfi",3.68887945411394
12."how mani",3.68887945411394
12."have found",3.68887945411394
12."world how",3.68887945411394
13."alami stock",51.6443123575951
13."stock photo",51.6443123575951
13."credit credit",31.0832059853499
13."credit wsl",29.5110356329115
13."big wave",22.1332767246836
13."per hour",18.4443972705697
13."wsl kirstin",14.7555178164557
13."photo alami",14.7555178164557
13."sea credit",14.7555178164557
13."world surf",14.7555178164557
14."credit getti",51.6443123575951
14."getti imag",26.5596797884023
14."our brain",18.4443972705697
14."plane crash",14.7555178164557
14."had occur",11.0666383623418
14."we tend",11.0666383623418
14."ga mask",11.0666383623418
14."box dai",11.0666383623418
14."work memori",11.0666383623418
14."crash land",11.0666383623418
15."watl street",62.7109507199369
15."canterburi tale",14.7555178164557
15."great expect",14.7555178164557
15."credit alami",11.982929094216
15."chaucer’ canterburi",11.0666383623418
15."snowdonia wale",11.0666383623418
15."privat ryan",11.0666383623418
15."elstre studio",11.0666383623418
15."save privat",11.0666383623418
15."m6 toll",11.0666383623418
15."roman road",11.0666383623418
15."dicken great",11.0666383623418
15."charl dicken",11.0666383623418
15."restor hous",11.0666383623418
16."attenborough' stori",7.37775890822787
16."tiger snake",7.37775890822787
16."david attenborough",7.37775890822787
16."sir david",7.37775890822787
16."total blind",3.68887945411394
16."tongu which",3.68887945411394
16."them find",3.68887945411394
16."tasti chick",3.68887945411394
16."tablet via",3.68887945411394
16."store find",3.68887945411394
16."still abl",3.68887945411394
16."stab beak",3.68887945411394
16."southern australia",3.68887945411394
16."snake look",3.68887945411394
16."snake live",3.68887945411394
16."snake hunt",3.68887945411394
16."snake' head",3.68887945411394
16."smell watch",3.68887945411394
16."silver gull",3.68887945411394
16."seri life",3.68887945411394
16."rough time",3.68887945411394
16."radio earth",3.68887945411394
16."pick off",3.68887945411394
16."parent fight",3.68887945411394
16."out more",3.68887945411394
16."now avail",3.68887945411394
16."more memor",3.68887945411394
16."moment sir",3.68887945411394
16."memor moment",3.68887945411394
16."live near",3.68887945411394
16."life through",3.68887945411394
16."life someth",3.68887945411394
16."life ha",3.68887945411394
16."life app",3.68887945411394
16."len earth",3.68887945411394
16."june 2017",3.68887945411394
16."innov compani",3.68887945411394
16."impress hunter",3.68887945411394
16."impress fork",3.68887945411394
16."hunt babi",3.68887945411394
16."hungri snake",3.68887945411394
16."http www.bbc.com",3.68887945411394
16."head injuri",3.68887945411394
16."head even",3.68887945411394
16."have head",3.68887945411394
16."what 29",3.68887945411394
16."wildlif life",3.68887945411394
16."www.bbc.com earth",3.68887945411394
16."year so",3.68887945411394
16."your smartphon",3.68887945411394
16."1,000 more",3.68887945411394
16."29 june",3.68887945411394
16."alwai go",3.68887945411394
16."apple' app",3.68887945411394
16."go straight",3.68887945411394
16."googl plai",3.68887945411394
16."good meal",3.68887945411394
16."further 1,000",3.68887945411394
16."fresh meat",3.68887945411394
16."free anytim",3.68887945411394
16."fork tongu",3.68887945411394
16."follow smell",3.68887945411394
16."filmmak captur",3.68887945411394
16."fight back",3.68887945411394
16."even better",3.68887945411394
16."earth storyoflif",3.68887945411394
16."download via",3.68887945411394
16."constant suppli",3.68887945411394
16."compani akqa",3.68887945411394
16."cold blood",3.68887945411394
16."chick provid",3.68887945411394
16."chick parent",3.68887945411394
16."can watch",3.68887945411394
16."british wildlif",3.68887945411394
16."breed throughout",3.68887945411394
16."blood even",3.68887945411394
16."better you",3.68887945411394
16."be injur",3.68887945411394
16."been produc",3.68887945411394
16."bbc filmmak",3.68887945411394
16."back attenborough'",3.68887945411394
16."babi bird",3.68887945411394
16."attenborough bbc",3.68887945411394
16."app which",3.68887945411394
16."app store",3.68887945411394
16."two thank",3.68887945411394
16."valiant defend",3.68887945411394
16."via attenborough'",3.68887945411394
16."via googl",3.68887945411394
16."tv radio",3.68887945411394
17."emma harper",44.2665534493672
17."credit emma",40.5776739952533
17."tao klarjeti",18.4443972705697
17."kati nadworni",18.4443972705697
17."credit credit",18.1318701581208
17."credit kati",14.7555178164557
17."georgian orthodox",11.0666383623418
17."fate wors",11.0666383623418
17."former glori",11.0666383623418
17."than neglect",11.0666383623418
17."wors than",11.0666383623418
18."basqu countri",47.9554329034812
18."basqu school",33.1999150870254
18."salaburu said",25.8221561787976
18."credit credit",20.7221373235666
18."san sebastian",18.4443972705697
18."peter horre",18.4443972705697
18."horre alami",18.4443972705697
18."credit peter",18.4443972705697
18."getti imag",15.1769598790871
18."errekatxo said",14.7555178164557
18."francisco franco",14.7555178164557
19."chargril pepper",7.37775890822787
19."1 hour",7.37775890822787
19."recip tip",7.37775890822787
19."coriand seed",7.37775890822787
19."fan ga",7.37775890822787
19."30 min",7.37775890822787
19."rather than",5.18053433089165
19."15 minut",3.68887945411394
19."180c fan",3.68887945411394
19."1 dai",3.68887945411394
19."1in slice",3.68887945411394
19."200c 180c",3.68887945411394
19."200c fan",3.68887945411394
19."220c 200c",3.68887945411394
19."2.5cm 1in",3.68887945411394
19."290g jar",3.68887945411394
19."2kg 4lb",3.68887945411394
19."2 tbsp",3.68887945411394
19."2 x",3.68887945411394
19."45 minut",3.68887945411394
19."4lb 8oz",3.68887945411394
19."5 dai",3.68887945411394
19."6 oven",3.68887945411394
19."7 peel",3.68887945411394
19."8 10",3.68887945411394
19."8oz waxi",3.68887945411394
19."ahead peel",3.68887945411394
19."also excel",3.68887945411394
19."bake prepar",3.68887945411394
19."bake trai",3.68887945411394
19."becom soften",3.68887945411394
19."befor bake",3.68887945411394
19."befor us",3.68887945411394
19."us ingredi",3.68887945411394
19."us cool",3.68887945411394
19."toss them",3.68887945411394
19."tip method",3.68887945411394
19."tin tip",3.68887945411394
19."time less",3.68887945411394
19."x 290g",3.68887945411394
19."time 30",3.68887945411394
19."them stand",3.68887945411394
19."them just",3.68887945411394
19."than hot",3.68887945411394
19."than brine",3.68887945411394
19."than 30",3.68887945411394
19."tbsp coriand",3.68887945411394
19."cold water",3.68887945411394
19."combin befor",3.68887945411394
19."cook time",3.68887945411394
19."cool leftov",3.68887945411394
19."corner us",3.68887945411394
19."crisp except",3.68887945411394
19."crisp up",3.68887945411394
19."cut them",3.68887945411394
19."cypru 2",3.68887945411394
19."dai drain",3.68887945411394
19."dai reheat",3.68887945411394
19."dietari vegetarian",3.68887945411394
19."don’t eat",3.68887945411394
19."don’t roast",3.68887945411394
19."drip back",3.68887945411394
19."dry befor",3.68887945411394
19."each slice",3.68887945411394
19."eat them",3.68887945411394
19."either serv",3.68887945411394
19."end slice",3.68887945411394
19."excel warm",3.68887945411394
19."excess oil",3.68887945411394
19."find them",3.68887945411394
19."from simpli",3.68887945411394
19."ga 6",3.68887945411394
19."ga 7",3.68887945411394
19."hot recip",3.68887945411394
19."hour serv",3.68887945411394
19."i don’t",3.68887945411394
19."i find",3.68887945411394
19."i never",3.68887945411394
19."ingredi 2kg",3.68887945411394
19."ingredi just",3.68887945411394
19."jar chargril",3.68887945411394
19."just becom",3.68887945411394
19."just make",3.68887945411394
19."larg shallow",3.68887945411394
19."larg warm",3.68887945411394
19."lawson from",3.68887945411394
19."let them",3.68887945411394
19."maincrop potato",3.68887945411394
19."make ahead",3.68887945411394
19."method preheat",3.68887945411394
19."min cook",3.68887945411394
19."minut time",3.68887945411394
19."mostli just",3.68887945411394
19."most us",3.68887945411394
19."never feel",3.68887945411394
19."nigella ingredi",3.68887945411394
19."nigella lawson",3.68887945411394
19."oil 2",3.68887945411394
19."oil drip",3.68887945411394
19."oil rather",3.68887945411394
19."oil so",3.68887945411394
19."outsid golden",3.68887945411394
19."pan transfer",3.68887945411394
19."pat dry",3.68887945411394
19."pepper bake",3.68887945411394
19."pepperi juic",3.68887945411394
19."potato add",3.68887945411394
19."potato cut",3.68887945411394
19."potato don’t",3.68887945411394
19."potato submerg",3.68887945411394
19."prepar time",3.68887945411394
19."quarter each",3.68887945411394
19."quit small",3.68887945411394
19."roast tin",3.68887945411394
19."seed recip",3.68887945411394
19."serv 8",3.68887945411394
19."serv immedi",3.68887945411394
19."serv serv",3.68887945411394
19."shallow roast",3.68887945411394
19."simpli nigella",3.68887945411394
19."slice halv",3.68887945411394
19."slot spatula",3.68887945411394
19."slot spoon",3.68887945411394
19."smaller end",3.68887945411394
19."small strip",3.68887945411394
19."snip them",3.68887945411394
19."spoon let",3.68887945411394
19."strip snip",3.68887945411394
19."sweet pepperi",3.68887945411394
19."while i",3.68887945411394
19."waxi maincrop",3.68887945411394
19."warm rather",3.68887945411394
19."warm bowl",3.68887945411394
19."vegetarian i",3.68887945411394
19."us pepper",3.68887945411394
19."us jar",3.68887945411394
19."10 dietari",3.68887945411394
20."from edinburgh",11.0666383623418
20."scotrail allianc",11.0666383623418
20."night train",11.0666383623418
20."late night",8.98719682066197
20."between edinburgh",7.37775890822787
20."north berwick",7.37775890822787
20."edinburgh festiv",7.37775890822787
20."august festiv",7.37775890822787
20."edinburgh dure",7.37775890822787
20."extra carriag",7.37775890822787
20."extra servic",7.37775890822787
21."crossrail 2",29.5110356329115
21."futur prosper",7.37775890822787
21."liverpool citi",7.37775890822787
21."mr grayl",7.37775890822787
21."public fund",7.37775890822787
21."london need",7.37775890822787
21."manchest mayor",7.37775890822787
21."govern had",7.37775890822787
21."burnham said",7.37775890822787
21."balanc spend",7.37775890822787
21."previou govern",7.37775890822787
21."fulli electrifi",7.37775890822787
21."sub standard",7.37775890822787
21."mayor andi",7.37775890822787
21."sadiq khan",7.37775890822787
21."standard rail",7.37775890822787
21."billion more",7.37775890822787
21."grayl said",7.37775890822787
21."andi burnham",7.37775890822787
21."spend billion",7.37775890822787
21."transport secretari",7.37775890822787
21."had agre",7.37775890822787
21."railwai line",7.37775890822787
22."metal detector",51.6443123575951
22."holi site",25.8221561787976
22."templ mount",22.1332767246836
22."haram al",18.4443972705697
22."al sharif",18.4443972705697
22."israel said",18.4443972705697
22."east jerusalem",14.7555178164557
22."mount haram",11.0666383623418
22."detector were",11.0666383623418
22."old citi",11.0666383623418
23."ic sheet",55.333191811709
23."sea level",23.9658581884319
23."greenland ic",22.1332767246836
23."level rise",18.4443972705697
23."solar radiat",11.0666383623418
23."copyrightk stephen",11.0666383623418
23."stephen imag",11.0666383623418
23."about seven",11.0666383623418
23."melt faster",7.37775890822787
23."veri worri",7.37775890822787
23."bloom project",7.37775890822787
23."damag impact",7.37775890822787
23."differ speci",7.37775890822787
23."they'r veri",7.37775890822787
23."futur sea",7.37775890822787
23."biolog darken",7.37775890822787
23."iceimag copyrightk",7.37775890822787
23."warm climat",7.37775890822787
23."climat project",7.37775890822787
23."area about",7.37775890822787
23."greenland iceimag",7.37775890822787
23."bristol univers",7.37775890822787
23."seven time",7.37775890822787
23."might spread",7.37775890822787
24."ground rent",29.5110356329115
24."new build",25.8221561787976
24."build hous",25.8221561787976
24."servic charg",22.1332767246836
24."leasehold basi",11.0666383623418
24."unfair charg",7.37775890822787
24."hous could",7.37775890822787
24."local govern",7.37775890822787
24."buyer drop",7.37775890822787
24."unfair servic",7.37775890822787
24."instanc where",7.37775890822787
24."£10 000",7.37775890822787
24."hous be",7.37775890822787
24."doubl everi",7.37775890822787
24."famili home",7.37775890822787
24."dclg said",7.37775890822787
24."charg levi",7.37775890822787
24."leasehold hous",7.37775890822787
24."clair scott",7.37775890822787
24."sajid javid",7.37775890822787
25."hiv prevent",7.37775890822787
25."protect themselv",7.37775890822787
25."girl ag",7.37775890822787
25."vagin ring",7.37775890822787
25."ag 15",7.37775890822787
25."hiv infect",5.99146454710798
25."flexibl ring",3.68887945411394
25."follow jame",3.68887945411394
25."free women",3.68887945411394
25."from reli",3.68887945411394
25."get infect",3.68887945411394
25."get regulatori",3.68887945411394
25."girl had",3.68887945411394
25."girl partner",3.68887945411394
25."girl us",3.68887945411394
25."give women",3.68887945411394
25."global nearli",3.68887945411394
25."had detect",3.68887945411394
25."health advic",3.68887945411394
25."health hiv",3.68887945411394
25."hillier on",3.68887945411394
25."hiv doesn't",3.68887945411394
25."hiv hunt",3.68887945411394
25."infect everi",3.68887945411394
25."infect global",3.68887945411394
25."infecti diseas",3.68887945411394
25."inject next",3.68887945411394
25."make women",3.68887945411394
25."medicin said",3.68887945411394
25."month us",3.68887945411394
25."nearli 1,000",3.68887945411394
25."new hiv",3.68887945411394
25."notori difficult",3.68887945411394
25."now plan",3.68887945411394
25."old access",3.68887945411394
25."partner would",3.68887945411394
25."pittsburgh school",3.68887945411394
25."pleasur drug",3.68887945411394
25."prevent exclus",3.68887945411394
25."prevent hiv",3.68887945411394
25."prevent ring",3.68887945411394
25."prevent shouldn't",3.68887945411394
25."prof sharon",3.68887945411394
25."regulatori approv",3.68887945411394
25."drug call",3.68887945411394
25."dr anthoni",3.68887945411394
25."doesn't distinguish",3.68887945411394
25."distinguish between",3.68887945411394
25."diseas told",3.68887945411394
25."difficult when",3.68887945411394
25."diaphragm releas",3.68887945411394
25."detect level",3.68887945411394
25."data present",3.68887945411394
25."dai life",3.68887945411394
25."cut infect",3.68887945411394
25."contracept diaphragm",3.68887945411394
25."confidenti that'",3.68887945411394
25."confidenti dr",3.68887945411394
25."concern befor",3.68887945411394
25."complet confidenti",3.68887945411394
25."class citizen",3.68887945411394
25."cervix ha",3.68887945411394
25."call dapivirin",3.68887945411394
25."big step",3.68887945411394
25."befor data",3.68887945411394
25."been shown",3.68887945411394
25."antiretrovir drug",3.68887945411394
25."anthoni fauci",3.68887945411394
25."among us",3.68887945411394
25."all new",3.68887945411394
25."all ag",3.68887945411394
25."ag deserv",3.68887945411394
25."africa infus",3.68887945411394
25."activ girl",3.68887945411394
25."96 sexual",3.68887945411394
25."95 said",3.68887945411394
25."74 said",3.68887945411394
25."56 expert",3.68887945411394
25."27 inject",3.68887945411394
25."24 account",3.68887945411394
25."17 who",3.68887945411394
25."16 year",3.68887945411394
25."15 24",3.68887945411394
25."young women",3.68887945411394
25."women from",3.68887945411394
25."women follow",3.68887945411394
25."women extrem",3.68887945411394
25."where women",3.68887945411394
25."were unsur",3.68887945411394
25."were some",3.68887945411394
25."wear condom",3.68887945411394
25."vagina 95",3.68887945411394
25."us trial",3.68887945411394
25."us teen",3.68887945411394
25."us scientist",3.68887945411394
25."us 74",3.68887945411394
25."true somewhat",3.68887945411394
25."reportedli enhanc",3.68887945411394
25."ring get",3.68887945411394
25."ring similar",3.68887945411394
25."ring trial",3.68887945411394
25."ring which",3.68887945411394
25."saharan africa",3.68887945411394
25."said hiv",3.68887945411394
25."sai women",3.68887945411394
25."scienc show",3.68887945411394
25."scientist sai",3.68887945411394
25."scientist were",3.68887945411394
25."second class",3.68887945411394
25."sexual activ",3.68887945411394
25."share vagin",3.68887945411394
25."sharon hillier",3.68887945411394
25."shouldn't either",3.68887945411394
25."show 87",3.68887945411394
25."societi where",3.68887945411394
25."some concern",3.68887945411394
25."somewhat second",3.68887945411394
25."sub saharan",3.68887945411394
25."success among",3.68887945411394
25."teenag girl",3.68887945411394
25."teenag who",3.68887945411394
25."themselv confidenti",3.68887945411394
25."extrem vulner",3.68887945411394
25."expert sai",3.68887945411394
25."enhanc pleasur",3.68887945411394
25."either young",3.68887945411394
25."effect hiv",3.68887945411394
25."drug prof",3.68887945411394
25."first method",3.68887945411394
26."opportunist infect",11.0666383623418
26."immun system",11.0666383623418
26."cd count",7.37775890822787
26."treat opportunist",7.37775890822787
26."antiretrovir therapi",7.37775890822787
26."hiv aid",7.37775890822787
26."cryptococc mening",7.37775890822787
26."new websit",7.37775890822787
26."bbc new",4.8283137373023
26."i think",4.60517018598809
27."world record",31.0832059853499
27."breaststrok world",18.4443972705697
27."100m breaststrok",14.97866136777
27."50m breaststrok",14.7555178164557
27."can't believ",11.0666383623418
27."world championship",8.98719682066197
27."olymp champion",8.98719682066197
27."semi final",7.77080149633748
27."state won",7.37775890822787
27."second time",7.37775890822787
27."hi 100m",7.37775890822787
27."i can't",7.37775890822787
27."2015 world",7.37775890822787
27."break 100m",7.37775890822787
28."jimmi choo",47.9554329034812
28."michael kor",18.4443972705697
28."£896 m",7.37775890822787
28."emma stone",7.37775890822787
28."said jimmi",7.37775890822787
28."ms mellon",7.37775890822787
28."lisa armstrong",7.37775890822787
28."shoemak jimmi",7.37775890822787
28."never becom",3.68887945411394
28."name after",3.68887945411394
28."mr choo",3.68887945411394
28."more ventur",3.68887945411394
28."more balanc",3.68887945411394
28."men' luxuri",3.68887945411394
28."mellon left",3.68887945411394
28."m deal",3.68887945411394
28."market particularli",3.68887945411394
28."malaysian shoemak",3.68887945411394
28."malaysian born",3.68887945411394
28."main sharehold",3.68887945411394
28."luxuri shoemak",3.68887945411394
28."luxuri good",3.68887945411394
28."luxuri footwear",3.68887945411394
28."luxuri brand",3.68887945411394
28."longer own",3.68887945411394
28."london stock",3.68887945411394
28."london he",3.68887945411394
28."limelight stai",3.68887945411394
28."like jimmi",3.68887945411394
28."launch her",3.68887945411394
28."later ms",3.68887945411394
28."kor said",3.68887945411394
28."kor hold",3.68887945411394
28."kor describ",3.68887945411394
28."kendal jenner",3.68887945411394
28."journalist tamara",3.68887945411394
28."jimmi chooimag",3.68887945411394
28."jenner some",3.68887945411394
28."jab own",3.68887945411394
28."jab hold",3.68887945411394
28."it' still",3.68887945411394
28."it most",3.68887945411394
28."it handbag",3.68887945411394
28."it founder",3.68887945411394
28."investor bought",3.68887945411394
28."hous michael",3.68887945411394
28."hit show",3.68887945411394
28."her own",3.68887945411394
28."he found",3.68887945411394
28."had attract",3.68887945411394
28."grow market",3.68887945411394
28."grow jimmi",3.68887945411394
28."greater product",3.68887945411394
28."greater exposur",3.68887945411394
28."good jimmi",3.68887945411394
28."global market",3.68887945411394
28."german billionair",3.68887945411394
28."forward jimmi",3.68887945411394
28."former vogu",3.68887945411394
28."forc it",3.68887945411394
28."footwear categori",3.68887945411394
28."foot forward",3.68887945411394
28."firm which",3.68887945411394
28."figur were",3.68887945411394
28."fellow fashion",3.68887945411394
28."fast grow",3.68887945411394
28."fashion hous",3.68887945411394
28."fashion director",3.68887945411394
28."fan michael",3.68887945411394
28."famou includ",3.68887945411394
28."expos like",3.68887945411394
28."equiti investor",3.68887945411394
28."down 14",3.68887945411394
28."describ itself",3.68887945411394
28."deal which",3.68887945411394
28."deal 25",3.68887945411394
28."daili telegraph",3.68887945411394
28."creativ forc",3.68887945411394
28."cordwain technic",3.68887945411394
28."compani it",3.68887945411394
28."co found",3.68887945411394
28."cloth line",3.68887945411394
28."claim emma",3.68887945411394
28."choo would",3.68887945411394
28."choo train",3.68887945411394
28."choo ten",3.68887945411394
28."choo shoe",3.68887945411394
28."choo sale",3.68887945411394
28."choo produc",3.68887945411394
28."choo manag",3.68887945411394
28."choo list",3.68887945411394
28."chooimag copyrightpa",3.68887945411394
28."choo ha",3.68887945411394
28."choo feel",3.68887945411394
28."choo co",3.68887945411394
28."choo claim",3.68887945411394
28."choo bought",3.68887945411394
28."caption malaysian",3.68887945411394
28."caption best",3.68887945411394
28."capitalist emma",3.68887945411394
28."cambridg beyonc",3.68887945411394
28."british firm",3.68887945411394
28."bought out",3.68887945411394
28."born jimmi",3.68887945411394
28."billion dollar",3.68887945411394
28."billionair reimann",3.68887945411394
28."between $200",3.68887945411394
28."best foot",3.68887945411394
28."best actress",3.68887945411394
28."be pass",3.68887945411394
28."been bought",3.68887945411394
28."becom over",3.68887945411394
28."balanc portfolio",3.68887945411394
28."awardsimag copyrightgetti",3.68887945411394
28."product diversif",3.68887945411394
28."recent same",3.68887945411394
28."attract attent",3.68887945411394
28."attent from",3.68887945411394
28."asia relat",3.68887945411394
28."armstrong sai",3.68887945411394
28."armstrong fashion",3.68887945411394
28."april had",3.68887945411394
28."also have",3.68887945411394
28."after it",3.68887945411394
28."actress award",3.68887945411394
28."accept best",3.68887945411394
28."academi awardsimag",3.68887945411394
28."90 tv",3.68887945411394
28."600 £160",3.68887945411394
28."460 recent",3.68887945411394
28."2017 luxuri",3.68887945411394
28."2014 jimmi",3.68887945411394
28."$200 600",3.68887945411394
28."2001 ms",3.68887945411394
28."£160 460",3.68887945411394
28."14 michael",3.68887945411394
28."would also",3.68887945411394
28."which valu",3.68887945411394
28."vogu journalist",3.68887945411394
28."veri over",3.68887945411394
28."ventur capitalist",3.68887945411394
28."tv hit",3.68887945411394
28."topic fashion",3.68887945411394
28."time jab",3.68887945411394
28."red sole",3.68887945411394
28."reimann famili",3.68887945411394
28."renown cordwain",3.68887945411394
28."said lisa",3.68887945411394
28."sale figur",3.68887945411394
28."same store",3.68887945411394
28."satur said",3.68887945411394
28."sharehold jab",3.68887945411394
28."time fan",3.68887945411394
28."than be",3.68887945411394
28."ten year",3.68887945411394
28."telegraph' lisa",3.68887945411394
28."telegraph it'",3.68887945411394
28."technic colleg",3.68887945411394
28."tamara mellon",3.68887945411394
28."store sale",3.68887945411394
28."stone accept",3.68887945411394
28."stock exchang",3.68887945411394
28."still seen",3.68887945411394
28."some other",3.68887945411394
28."sole loubutin",3.68887945411394
28."show sex",3.68887945411394
28."shoe jimmi",3.68887945411394
28."shoe featur",3.68887945411394
28."oscar she",3.68887945411394
28."other brand",3.68887945411394
28."out mr",3.68887945411394
28."over expos",3.68887945411394
28."over satur",3.68887945411394
28."own cloth",3.68887945411394
28."pass around",3.68887945411394
28."privat equiti",3.68887945411394
28."on billion",3.68887945411394
29."welfar standard",36.8887945411394
29."anim welfar",29.5110356329115
29."trade deal",14.7555178164557
29."committe said",14.7555178164557
29."eu nation",14.7555178164557
29."after brexit",14.7555178164557
29."liam fox",11.0666383623418
29."free trade",11.0666383623418
29."maintain our",7.37775890822787
29."overwhelmingli reliant",7.37775890822787
29."trade agreement",7.37775890822787
29."we heard",7.37775890822787
29."high welfar",7.37775890822787
29."uk leav",7.37775890822787
29."gold standard",7.37775890822787
29."farm anim",7.37775890822787
29."were eu",7.37775890822787
29."standard should",7.37775890822787
29."from eu",7.37775890822787
29."futur trade",7.37775890822787
29."uk firm",7.37775890822787
29."eu law",7.37775890822787
29."offici veterinarian",7.37775890822787
30."microsoft paint",11.0666383623418
30."mountain scene",7.37775890822787
30."user foxymulderx",7.37775890822787
30."window 10",7.37775890822787
30."paddington bear",5.99146454710798
30."recent updat",3.68887945411394
30."program paint",3.68887945411394
30."paint renown",3.68887945411394
30."paintimag copyright",3.68887945411394
30."paint ha",3.68887945411394
30."paint avoid",3.68887945411394
30."paint 3d",3.68887945411394
30."packag mountain",3.68887945411394
30."outlook express",3.68887945411394
30."our trusti",3.68887945411394
30."other featur",3.68887945411394
30."oper system",3.68887945411394
30."onli us",3.68887945411394
30."old app",3.68887945411394
30."offer it",3.68887945411394
30."now replac",3.68887945411394
30."new doctor",3.68887945411394
30."much love",3.68887945411394
30."ms paint",3.68887945411394
30."microsoft wrote",3.68887945411394
30."microsoft suggest",3.68887945411394
30."microsoft ha",3.68887945411394
30."media follow",3.68887945411394
30."mail paddington",3.68887945411394
30."longer develop",3.68887945411394
30."list paint",3.68887945411394
30."learn it'",3.68887945411394
30."kleinman technolog",3.68887945411394
30."it successor",3.68887945411394
30."it simplic",3.68887945411394
30."it launch",3.68887945411394
30."it graphic",3.68887945411394
30."had list",3.68887945411394
30."ha confirm",3.68887945411394
30."store it",3.68887945411394
30."successor paint",3.68887945411394
30."system sinc",3.68887945411394
30."technolog microsoft",3.68887945411394
30."there' anyth",3.68887945411394
30."topic microsoft",3.68887945411394
30."trusti old",3.68887945411394
30."user valprin",3.68887945411394
30."us microsoft",3.68887945411394
30."valprineimag copyright",3.68887945411394
30."valprin imag",3.68887945411394
30."we learn",3.68887945411394
30."who onli",3.68887945411394
30."window oper",3.68887945411394
30."window store",3.68887945411394
30."year ms",3.68887945411394
30."zoe kleinman",3.68887945411394
30."10 packag",3.68887945411394
30."1985 microsoft",3.68887945411394
30."32 year",3.68887945411394
30."after 32",3.68887945411394
30."anyth we",3.68887945411394
30."graphic program",3.68887945411394
30."foxymulderx relat",3.68887945411394
30."foxymulderx microsoft",3.68887945411394
30."foxymulderx imag",3.68887945411394
30."fan microsoft",3.68887945411394
30."express email",3.68887945411394
30."email client",3.68887945411394
30."either remov",3.68887945411394
30."did sai",3.68887945411394
30."develop paint",3.68887945411394
30."copyright valprin",3.68887945411394
30."copyright foxymulderx",3.68887945411394
30."client now",3.68887945411394
30."caption paddington",3.68887945411394
30."blog it'",3.68887945411394
30."been part",3.68887945411394
30."been amaz",3.68887945411394
30."avoid brush",3.68887945411394
30."artist who",3.68887945411394
30."scene done",3.68887945411394
30."see so",3.68887945411394
30."similar repriev",3.68887945411394
30."simplic ha",3.68887945411394
30."sinc it",3.68887945411394
30."re creat",3.68887945411394
31."war crime",36.8887945411394
31."del pont",14.7555178164557
31."khmer roug",14.7555178164557
31."all side",11.0666383623418
31."unit nation",11.0666383623418
31."against human",11.0666383623418
31."crime against",11.0666383623418
31."war crimin",11.0666383623418
31."carla del",11.0666383623418
31."copyrightgetti imag",8.71484652529312
32."war grave",25.8221561787976
32."grave commiss",22.1332767246836
32."commonwealth war",18.4443972705697
32."grave were",18.4443972705697
32."draycott imag",18.4443972705697
32."copyrightbev goodwin",18.4443972705697
32."copyrightnick stone",18.4443972705697
32."grave marker",18.4443972705697
32."margaret draycott",18.4443972705697
32."stone imag",18.4443972705697
33."women contend",25.8221561787976
33."ani women",25.8221561787976
33."first femal",22.1332767246836
33."director gener",11.0666383623418
33."first woman",11.0666383623418
33."ha never",7.37775890822787
33."charlott hogg",7.37775890822787
33."toni hall",7.37775890822787
33."jeremi corbyn",7.37775890822787
33."last time",7.37775890822787
33."year she",7.37775890822787
33."been deputi",7.37775890822787
33."2013 becom",7.37775890822787
33."justin welbi",7.37775890822787
33."be name",7.37775890822787
33."most senior",7.37775890822787
33."deputi editor",7.37775890822787
33."suprem court",7.37775890822787
33."theresa mai",7.37775890822787
33."daniel craig",7.37775890822787
33."home secretari",7.37775890822787
33."amber rudd",7.37775890822787
33."histori earlier",7.37775890822787
33."philip hammond",7.37775890822787
33."charliz theron",7.37775890822787
33."role follow",7.37775890822787
33."rachel treweek",7.37775890822787
33."baro hale",7.37775890822787
34."wildlif park",18.4443972705697
34."cotswold wildlif",14.7555178164557
34."electr fenc",11.0666383623418
34."staff were",8.98719682066197
34."too far",7.37775890822787
34."have climb",7.37775890822787
34."perimet fenc",7.37775890822787
34."old eurasian",7.37775890822787
34."five cub",7.37775890822787
34."ember gave",7.37775890822787
34."eurasian wolf",7.37775890822787
34."were too",7.37775890822787
34."three year",7.37775890822787
34."other option",7.37775890822787
35."copyrightproem aid",22.1332767246836
35."aid imag",14.7555178164557
35."enriqu rodríguez",11.0666383623418
35."draw like",11.0666383623418
35."manuel blanco",11.0666383623418
35."manuel elviro",11.0666383623418
35."julio latorr",11.0666383623418
35."proem aid",11.0666383623418
35."swim lesson",8.98719682066197
35."migrant camp",7.37775890822787
35."lesbo migrant",7.37775890822787
35."illeg weapon",7.37775890822787
35."sai manuel",7.37775890822787
35."eu deal",7.37775890822787
35."were arrest",7.37775890822787
35."face jail",7.37775890822787
35."prompt volunt",7.37775890822787
35."flee war",7.37775890822787
35."rodríguez manuel",7.37775890822787
35."camp prompt",7.37775890822787
35."aid volunt",7.37775890822787
35."water traumaimag",7.37775890822787
35."traumaimag copyrightproem",7.37775890822787
36."gender base",25.8221561787976
36."base violenc",22.1332767246836
36."imag copyrighttwitt",11.0666383623418
36."tweet imag",11.0666383623418
36."tackl gender",11.0666383623418
36."amparo rubial",7.37775890822787
36."prioriti access",7.37775890822787
36."loida muñoz",7.37775890822787
36."unidaspodemo tweet",7.37775890822787
36."k unidaspodemo",7.37775890822787
36."domest violenc",7.37775890822787
36."muñoz tweet",7.37775890822787
36."against domest",7.37775890822787
36."rubial tweet",7.37775890822787
36."ber k",7.37775890822787
37."100m breaststrok",17.9743936413239
37."50m butterfli",11.0666383623418
37."world titl",8.98719682066197
37."semi final",7.77080149633748
37."world record",7.77080149633748
37."fellow briton",7.37775890822787
37."proud win",7.37775890822787
37."ben proud",7.37775890822787
37."breaststrok titl",5.99146454710798
37."adam peati",5.99146454710798
37."titl peati",5.99146454710798
37."world championship",5.99146454710798
38."tax bill",7.37775890822787
38."acacia mine",7.37775890822787
38."tanzanian author",7.37775890822787
38."it gold",7.37775890822787
38."unpaid tax",7.37775890822787
38."$190 bn",7.37775890822787
38."$40 bn",7.37775890822787
38."mine industri",7.37775890822787
38."gold miner",7.37775890822787
38."underst it",3.68887945411394
38."websit sai",3.68887945411394
38."were true",3.68887945411394
38."what all",3.68887945411394
38."work he",3.68887945411394
38."$150 bn",3.68887945411394
38."2000 relat",3.68887945411394
38."2015 after",3.68887945411394
38."36,200 indirect",3.68887945411394
38."about it",3.68887945411394
38."acacia' case",3.68887945411394
38."acacia ha",3.68887945411394
38."acacia' mine",3.68887945411394
38."acacia oper",3.68887945411394
38."acacia said",3.68887945411394
38."acaciasharepriceytd250717 earlier",3.68887945411394
38."acacia' websit",3.68887945411394
38."acacia which",3.68887945411394
38."alleg about",3.68887945411394
38."alleg unpaid",3.68887945411394
38."all materi",3.68887945411394
38."all top",3.68887945411394
38."analyst have",3.68887945411394
38."anti corrupt",3.68887945411394
38."month tanzania",3.68887945411394
38."mine truckimag",3.68887945411394
38."mine than",3.68887945411394
38."miner includ",3.68887945411394
38."mine reject",3.68887945411394
38."miner acacia",3.68887945411394
38."mine oper",3.68887945411394
38."mine law",3.68887945411394
38."mine gold",3.68887945411394
38."materi produc",3.68887945411394
38."march acacia",3.68887945411394
38."major own",3.68887945411394
38."mai acacia",3.68887945411394
38."magufuli who",3.68887945411394
38."london it",3.68887945411394
38."list firm'",3.68887945411394
38."larger number",3.68887945411394
38."john magufuli",3.68887945411394
38."it three",3.68887945411394
38."it share",3.68887945411394
38."it product",3.68887945411394
38."investec note",3.68887945411394
38."interest ow",3.68887945411394
38."induc job",3.68887945411394
38."includ barrick",3.68887945411394
38."hurt it",3.68887945411394
38."hi previou",3.68887945411394
38."hi determin",3.68887945411394
38."he earn",3.68887945411394
38."health project",3.68887945411394
38."have paid",3.68887945411394
38."have grown",3.68887945411394
38."ha paid",3.68887945411394
38."had underst",3.68887945411394
38."ha declar",3.68887945411394
38."ha call",3.68887945411394
38."grown click",3.68887945411394
38."govern appoint",3.68887945411394
38."gold product",3.68887945411394
38."gold ha",3.68887945411394
38."gold export",3.68887945411394
38."global gold",3.68887945411394
38."futur busi",3.68887945411394
38."further $150",3.68887945411394
38."from it",3.68887945411394
38."forc sinc",3.68887945411394
38."five global",3.68887945411394
38."firm would",3.68887945411394
38."firm' share",3.68887945411394
38."firm barrick",3.68887945411394
38."extract from",3.68887945411394
38."export ha",3.68887945411394
38."export ban",3.68887945411394
38."export acacia'",3.68887945411394
38."educ infrastructur",3.68887945411394
38."down 7.7",3.68887945411394
38."demand follow",3.68887945411394
38."declar all",3.68887945411394
38."cover 50",3.68887945411394
38."corrupt platform",3.68887945411394
38."copyrightacacia mine",3.68887945411394
38."copper concentr",3.68887945411394
38."content acaciasharepriceytd250717",3.68887945411394
38."contain sweep",3.68887945411394
38."conduct futur",3.68887945411394
38."concentr export",3.68887945411394
38."company' abil",3.68887945411394
38."compani manag",3.68887945411394
38."combin have",3.68887945411394
38."canadian firm",3.68887945411394
38."call inaccur",3.68887945411394
38."bulyanhulu buzwagi",3.68887945411394
38."build programm",3.68887945411394
38."bn tax",3.68887945411394
38."bn tanzanian",3.68887945411394
38."bill consist",3.68887945411394
38."bill 25",3.68887945411394
38."been tumbl",3.68887945411394
38."been sympathet",3.68887945411394
38."be elect",3.68887945411394
38."basic $40",3.68887945411394
38."barrick gold",3.68887945411394
38."barrick combin",3.68887945411394
38."author have",3.68887945411394
38."appoint committe",3.68887945411394
38."ow acacia",3.68887945411394
38."paid royalti",3.68887945411394
38."pass two",3.68887945411394
38."presid john",3.68887945411394
38."previou role",3.68887945411394
38."price ha",3.68887945411394
38."produc more",3.68887945411394
38."product were",3.68887945411394
38."programm analyst",3.68887945411394
38."regulatori framework",3.68887945411394
38."reject $190",3.68887945411394
38."rival compani",3.68887945411394
38."road build",3.68887945411394
38."section acacia",3.68887945411394
38."see content",3.68887945411394
38."share were",3.68887945411394
38."sinc 2000",3.68887945411394
38."sinc 2015",3.68887945411394
38."sweep chang",3.68887945411394
38."tanzania' mine",3.68887945411394
38."tanzanian tax",3.68887945411394
38."tanzania pass",3.68887945411394
38."tanzania sinc",3.68887945411394
38."tax sinc",3.68887945411394
38."than rival",3.68887945411394
38."than twice",3.68887945411394
38."three gold",3.68887945411394
38."three mine",3.68887945411394
38."top five",3.68887945411394
38."topic tanzania",3.68887945411394
38."two new",3.68887945411394
38."twice what",3.68887945411394
38."truckimag copyrightacacia",3.68887945411394
38."morn trade",3.68887945411394
38."new mine",3.68887945411394
38."north mara",3.68887945411394
38."offic sinc",3.68887945411394
38."oper illeg",3.68887945411394
38."oper three",3.68887945411394
38."uk list",3.68887945411394
39."mr brazier",22.1332767246836
39."person loan",11.0666383623418
39."brazier said",11.0666383623418
39."uk economi",7.37775890822787
39."england offici",7.37775890822787
39."person debt",7.37775890822787
39."said mr",5.99146454710798
39."keep up",3.68887945411394
39."lender appear",3.68887945411394
39."lender think",3.68887945411394
39."lend ha",3.68887945411394
39."lend standard",3.68887945411394
39."level lend",3.68887945411394
39."like most",3.68887945411394
39."liverpool' institut",3.68887945411394
39."loan could",3.68887945411394
39."loan credit",3.68887945411394
39."loan danger",3.68887945411394
39."loan have",3.68887945411394
39."meant some",3.68887945411394
39."moder can",3.68887945411394
39."most importantli",3.68887945411394
39."most thing",3.68887945411394
39."mount consum",3.68887945411394
39."necessari realiti",3.68887945411394
39."next 18",3.68887945411394
39."notesimag copyrightpa",3.68887945411394
39."offici ha",3.68887945411394
39."offici sai",3.68887945411394
39."our perspect",3.68887945411394
39."outstand car",3.68887945411394
39."perspect everyon",3.68887945411394
39."pound notesimag",3.68887945411394
39."rapid growth",3.68887945411394
39."realiti check",3.68887945411394
39."reckless veri",3.68887945411394
39."repay mr",3.68887945411394
39."safeguard against",3.68887945411394
39."sai 25",3.68887945411394
39."said household",3.68887945411394
39."said lender",3.68887945411394
39."set asid",3.68887945411394
39."sharp rise",3.68887945411394
39."shock meant",3.68887945411394
39."he warn",3.68887945411394
39."ha we'll",3.68887945411394
39."have risen",3.68887945411394
39."have increas",3.68887945411394
39."have forgotten",3.68887945411394
39."have assess",3.68887945411394
39."ha person",3.68887945411394
39."ha creat",3.68887945411394
39."grow mr",3.68887945411394
39."grow bank",3.68887945411394
39."great bank",3.68887945411394
39."governor mark",3.68887945411394
39."go from",3.68887945411394
39."futur econom",3.68887945411394
39."further safeguard",3.68887945411394
39."from respons",3.68887945411394
39."shop bagsimag",3.68887945411394
39."small gap",3.68887945411394
39."some borrow",3.68887945411394
39."sorri fact",3.68887945411394
39."stabil director",3.68887945411394
39."standard can",3.68887945411394
39."street bank",3.68887945411394
39."stronger than",3.68887945411394
39."take further",3.68887945411394
39."told bank",3.68887945411394
39."topic uk",3.68887945411394
39."uk financi",3.68887945411394
39."uncertainti ad",3.68887945411394
39."veri quickli",3.68887945411394
39."view comments498",3.68887945411394
39."warn outstand",3.68887945411394
39."we'll plug",3.68887945411394
39."09 view",3.68887945411394
39."10 over",3.68887945411394
39."£11 4bn",3.68887945411394
39."1.5 he",3.68887945411394
39."18 month",3.68887945411394
39."2008 09",3.68887945411394
39."about mount",3.68887945411394
39."forgotten some",3.68887945411394
39."forc bank",3.68887945411394
39."financi system",3.68887945411394
39."financi stabil",3.68887945411394
39."financ against",3.68887945411394
39."far stronger",3.68887945411394
39."excess mr",3.68887945411394
39."england told",3.68887945411394
39."england governor",3.68887945411394
39."england could",3.68887945411394
39."econom shock",3.68887945411394
39."economi person",3.68887945411394
39."economi he",3.68887945411394
39."economi face",3.68887945411394
39."director alex",3.68887945411394
39."deem necessari",3.68887945411394
39."debt like",3.68887945411394
39."debt level",3.68887945411394
39."debt been",3.68887945411394
39."debt bank",3.68887945411394
39."danger bank",3.68887945411394
39."crisi despit",3.68887945411394
39."credit card",3.68887945411394
39."creat ani",3.68887945411394
39."could pose",3.68887945411394
39."could forc",3.68887945411394
39."copyrightpa just",3.68887945411394
39."contrast household",3.68887945411394
39."consum lend",3.68887945411394
39."consum debt",3.68887945411394
39."consum borrow",3.68887945411394
39."concern mr",3.68887945411394
39."complac about",3.68887945411394
39."comments498 relat",3.68887945411394
39."check ha",3.68887945411394
39."case futur",3.68887945411394
39."carnei stress",3.68887945411394
39."carnei said",3.68887945411394
39."car loan",3.68887945411394
39."card balanc",3.68887945411394
39."busi pound",3.68887945411394
39."brazier hint",3.68887945411394
39."brazier ad",3.68887945411394
39."borrow shop",3.68887945411394
39."borrow lender",3.68887945411394
39."borrow could",3.68887945411394
39."been grow",3.68887945411394
39."beef up",3.68887945411394
39."bank were",3.68887945411394
39."bank warn",3.68887945411394
39."bank' financi",3.68887945411394
39."bank crash",3.68887945411394
39."balloon consum",3.68887945411394
39."balanc transfer",3.68887945411394
39."bagsimag copyrightpa",3.68887945411394
39."bad loan",3.68887945411394
39."bad debt",3.68887945411394
39."assess whether",3.68887945411394
39."asid £11",3.68887945411394
39."ani small",3.68887945411394
39."alex brazier",3.68887945411394
39."ad mr",3.68887945411394
39."actual grow",3.68887945411394
39."just 1.5",3.68887945411394
39."june bank",3.68887945411394
39."incom have",3.68887945411394
39."importantli from",3.68887945411394
39."household incom",3.68887945411394
39."household debt",3.68887945411394
39."high street",3.68887945411394
39."just last",3.68887945411394
40."strong growth",11.0666383623418
40."european commiss",11.0666383623418
40."from advertis",7.37775890822787
40."than 40",7.37775890822787
40."commiss last",7.37775890822787
40."revenu stream",7.37775890822787
40."wai googl",7.37775890822787
40."porat said",7.37775890822787
40."cloud servic",7.37775890822787
40."last month",5.99146454710798
40."monei from",5.99146454710798
40."three month",5.99146454710798